School Name,Projected Core Teacher Position Loss,Rep,Senate,ERSB,100% Funding,Positions 100%,95% Funding,Positions 95%,90% Funding,Positions 90%,85% Funding,Positions 85%,80% Funding,Positions 80%
ADDAMS,-2,25,13,10B,"$1,767,317 ",18,"$1,436,760 ",14,"$1,106,203 ",11,"$775,646 ",8,"$445,089 ",4
AIR FORCE HS,0,6,3,8B,"$1,041,114 ",10,"$846,385 ",8,"$651,656 ",7,"$456,928 ",5,"$262,199 ",3
ALBANY PARK,-1,40,20,2B,"$875,983 ",9,"$712,140 ",7,"$548,297 ",5,"$384,454 ",4,"$220,611 ",2
ALCOTT ES,0,12,6,4B,"$1,951,957 ",20,"$1,586,865 ",16,"$1,221,773 ",12,"$856,681 ",9,"$491,589 ",5
ALCOTT HS,-4,40,20,4B,"$1,759,823 ",18,"$1,430,668 ",14,"$1,101,512 ",11,"$772,357 ",8,"$443,202 ",4
ALDRIDGE,-1,29,15,10B,"$1,025,778 ",10,"$833,918 ",8,"$642,057 ",6,"$450,197 ",5,"$258,337 ",3
AMUNDSEN HS,-3,13,7,2B,"$3,969,162 ",40,"$3,226,774 ",32,"$2,484,386 ",25,"$1,741,999 ",17,"$999,611 ",10
ARIEL,0,25,13,10A,"$1,699,224 ",17,"$1,381,403 ",14,"$1,063,582 ",11,"$745,761 ",7,"$427,940 ",4
ARMOUR,0,24,12,7B,"$1,173,787 ",12,"$954,243 ",10,"$734,699 ",7,"$515,155 ",5,"$295,612 ",3
ARMSTRONG G,1,14,7,2A,"$3,575,888 ",36,"$2,907,058 ",29,"$2,238,228 ",22,"$1,569,398 ",16,"$900,567 ",9
ASHBURN,-1,31,16,8A,"$1,574,533 ",16,"$1,280,034 ",13,"$985,535 ",10,"$691,036 ",7,"$396,537 ",4
ASHE,-2,33,17,10B,"$1,480,585 ",15,"$1,203,658 ",12,"$926,731 ",9,"$649,804 ",6,"$372,877 ",4
AUDUBON,-2,11,6,4B,"$1,903,594 ",19,"$1,547,548 ",15,"$1,191,502 ",12,"$835,456 ",8,"$479,410 ",5
AUSTIN CCA HS,0,8,4,5A,"$982,662 ",10,"$798,866 ",8,"$615,070 ",6,"$431,274 ",4,"$247,478 ",2
AVALON PARK,0,33,17,10B,"$1,108,928 ",11,"$901,515 ",9,"$694,103 ",7,"$486,690 ",5,"$279,277 ",3
AVONDALE-LOGANDALE,-2,40,20,3A,"$1,815,827 ",18,"$1,476,197 ",15,"$1,136,567 ",11,"$796,936 ",8,"$457,306 ",5
AZUELA,-2,22,11,8A,"$2,028,838 ",20,"$1,649,366 ",16,"$1,269,894 ",13,"$890,423 ",9,"$510,951 ",5
BACK OF THE YARDS HS,-2,1,1,8B,"$2,906,017 ",29,"$2,362,478 ",24,"$1,818,940 ",18,"$1,275,402 ",13,"$731,864 ",7
BARNARD,0,35,18,9B,"$987,738 ",10,"$802,993 ",8,"$618,247 ",6,"$433,502 ",4,"$248,756 ",2
BARRY,-3,39,20,3A,"$1,738,496 ",17,"$1,413,330 ",14,"$1,088,163 ",11,"$762,997 ",8,"$437,831 ",4
BARTON,-1,31,16,9A,"$1,846,983 ",18,"$1,501,525 ",15,"$1,156,067 ",12,"$810,610 ",8,"$465,152 ",5
BASS,-3,32,16,9A,"$1,373,579 ",14,"$1,116,666 ",11,"$859,753 ",9,"$602,841 ",6,"$345,928 ",3
BATEMAN,-4,40,20,2B,"$2,686,195 ",27,"$2,183,772 ",22,"$1,681,349 ",17,"$1,178,926 ",12,"$676,503 ",7
BEASLEY,-1,5,3,6B,"$3,610,162 ",36,"$2,934,921 ",29,"$2,259,680 ",23,"$1,584,440 ",16,"$909,199 ",9
BEAUBIEN,-1,19,10,1A,"$2,607,719 ",26,"$2,119,974 ",21,"$1,632,229 ",16,"$1,144,484 ",11,"$656,739 ",7
BEETHOVEN,-3,5,3,6B,"$1,230,446 ",12,"$1,000,305 ",10,"$770,163 ",8,"$540,022 ",5,"$309,881 ",3
BEIDLER,0,10,5,5B,"$874,799 ",9,"$711,178 ",7,"$547,556 ",5,"$383,935 ",4,"$220,313 ",2
BELDING,-1,19,10,1B,"$1,791,230 ",18,"$1,456,200 ",15,"$1,121,170 ",11,"$786,141 ",8,"$451,111 ",5
BELL,-1,11,6,4B,"$2,819,145 ",28,"$2,291,855 ",23,"$1,764,565 ",18,"$1,237,276 ",12,"$709,986 ",7
BELMONT-CRAGIN,0,3,2,3B,"$1,918,290 ",19,"$1,559,495 ",16,"$1,200,700 ",12,"$841,905 ",8,"$483,111 ",5
BENNETT,-1,34,17,9B,"$1,143,242 ",11,"$929,411 ",9,"$715,580 ",7,"$501,750 ",5,"$287,919 ",3
BLACK,1,33,17,10B,"$1,228,132 ",12,"$998,423 ",10,"$768,715 ",8,"$539,006 ",5,"$309,298 ",3
BLAINE,-1,13,7,4A,"$2,049,239 ",20,"$1,665,951 ",17,"$1,282,664 ",13,"$899,377 ",9,"$516,089 ",5
BOGAN HS,-5,32,16,8A,"$2,489,704 ",25,"$2,024,033 ",20,"$1,558,361 ",16,"$1,092,689 ",11,"$627,018 ",6
BOND,0,32,16,9A,"$1,193,290 ",12,"$970,099 ",10,"$746,907 ",7,"$523,715 ",5,"$300,523 ",3
BOUCHET,0,26,13,10A,"$2,523,721 ",25,"$2,051,687 ",21,"$1,579,653 ",16,"$1,107,619 ",11,"$635,585 ",6
BOWEN HS,1,25,13,10B,"$1,454,881 ",15,"$1,182,762 ",12,"$910,642 ",9,"$638,523 ",6,"$366,404 ",4
BRADWELL,-3,25,13,10A,"$1,607,934 ",16,"$1,307,188 ",13,"$1,006,442 ",10,"$705,696 ",7,"$404,949 ",4
BRENNEMANN,-2,11,6,4A,"$1,675,187 ",17,"$1,361,862 ",14,"$1,048,537 ",10,"$735,212 ",7,"$421,886 ",4
BRENTANO,-1,39,20,3A,"$2,150,166 ",22,"$1,748,001 ",17,"$1,345,837 ",13,"$943,672 ",9,"$541,507 ",5
BRIDGE,-3,19,10,1B,"$2,931,284 ",29,"$2,383,020 ",24,"$1,834,756 ",18,"$1,286,492 ",13,"$738,227 ",7
BRIGHT,0,33,17,10B,"$1,432,529 ",14,"$1,164,590 ",12,"$896,652 ",9,"$628,713 ",6,"$360,774 ",4
BRIGHTON PARK,-1,24,12,8B,"$1,244,077 ",12,"$1,011,386 ",10,"$778,695 ",8,"$546,005 ",5,"$313,314 ",3
BRONZEVILLE CLASSICAL,-2,5,3,6B,"$1,085,990 ",11,"$882,867 ",9,"$679,745 ",7,"$476,623 ",5,"$273,500 ",3
BRONZEVILLE HS,0,5,3,6B,"$912,234 ",9,"$741,611 ",7,"$570,987 ",6,"$400,364 ",4,"$229,741 ",2
BROOKS HS,-2,28,14,9B,"$2,849,733 ",28,"$2,316,722 ",23,"$1,783,711 ",18,"$1,250,700 ",13,"$717,689 ",7
BROWN R,0,28,14,9B,"$1,103,365 ",11,"$896,993 ",9,"$690,621 ",7,"$484,249 ",5,"$277,876 ",3
BROWN W,0,10,5,5B,"$1,142,367 ",11,"$928,700 ",9,"$715,033 ",7,"$501,366 ",5,"$287,699 ",3
BROWNELL,0,6,3,6B,"$731,063 ",7,"$594,326 ",6,"$457,589 ",5,"$320,851 ",3,"$184,114 ",2
BRUNSON,0,78,39,5A,"$1,759,041 ",18,"$1,430,032 ",14,"$1,101,023 ",11,"$772,014 ",8,"$443,004 ",4
BUDLONG,-3,13,7,2B,"$2,305,782 ",23,"$1,874,511 ",19,"$1,443,240 ",14,"$1,011,969 ",10,"$580,698 ",6
BURBANK,-3,4,2,5A,"$2,667,878 ",27,"$2,168,881 ",22,"$1,669,884 ",17,"$1,170,887 ",12,"$671,890 ",7
BURKE,-2,5,3,6B,"$1,286,523 ",13,"$1,045,893 ",10,"$805,263 ",8,"$564,634 ",6,"$324,004 ",3
BURLEY,-1,11,6,4B,"$1,428,087 ",14,"$1,160,979 ",12,"$893,871 ",9,"$626,763 ",6,"$359,656 ",4
BURNHAM,-2,33,17,10B,"$1,679,122 ",17,"$1,365,061 ",14,"$1,051,000 ",11,"$736,939 ",7,"$422,877 ",4
BURNSIDE,0,34,17,10B,"$1,250,959 ",13,"$1,016,981 ",10,"$783,003 ",8,"$549,025 ",5,"$315,047 ",3
BURR,-1,10,5,4B,"$1,369,434 ",14,"$1,113,297 ",11,"$857,159 ",9,"$601,022 ",6,"$344,884 ",3
BURROUGHS,-2,24,12,8B,"$1,357,843 ",14,"$1,103,873 ",11,"$849,904 ",8,"$595,935 ",6,"$341,965 ",3
BYRNE,0,21,11,8A,"$2,008,555 ",20,"$1,632,877 ",16,"$1,257,199 ",13,"$881,521 ",9,"$505,843 ",5
CALMECA,-3,23,12,7B,"$2,167,817 ",22,"$1,762,351 ",18,"$1,356,885 ",14,"$951,419 ",10,"$545,953 ",5
CAMERON,-3,4,2,3B,"$2,200,813 ",22,"$1,789,175 ",18,"$1,377,537 ",14,"$965,900 ",10,"$554,262 ",6
CAMRAS,-2,3,2,1B,"$2,478,071 ",25,"$2,014,575 ",20,"$1,551,079 ",16,"$1,087,584 ",11,"$624,088 ",6
CANTY,0,20,10,1A,"$2,662,124 ",27,"$2,164,203 ",22,"$1,666,283 ",17,"$1,168,362 ",12,"$670,441 ",7
CARDENAS,-4,23,12,7A,"$2,776,172 ",28,"$2,256,920 ",23,"$1,737,668 ",17,"$1,218,416 ",12,"$699,163 ",7
CARNEGIE,1,26,13,10A,"$1,472,757 ",15,"$1,197,294 ",12,"$921,832 ",9,"$646,369 ",6,"$370,906 ",4
CARROLL,0,31,16,8A,"$1,675,163 ",17,"$1,361,842 ",14,"$1,048,522 ",10,"$735,201 ",7,"$421,880 ",4
CARSON,-4,1,1,8B,"$1,998,156 ",20,"$1,624,423 ",16,"$1,250,690 ",13,"$876,957 ",9,"$503,224 ",5
CARTER,-1,5,3,6B,"$1,067,725 ",11,"$868,019 ",9,"$668,313 ",7,"$468,607 ",5,"$268,901 ",3
CARVER G,-2,29,15,10B,"$1,611,251 ",16,"$1,309,884 ",13,"$1,008,518 ",10,"$707,151 ",7,"$405,785 ",4
CARVER MILITARY HS,-1,34,17,10B,"$1,697,352 ",17,"$1,379,881 ",14,"$1,062,410 ",11,"$744,939 ",7,"$427,469 ",4
CASALS,-2,4,2,3B,"$1,073,612 ",11,"$872,804 ",9,"$671,997 ",7,"$471,190 ",5,"$270,383 ",3
CASSELL,-1,35,18,9B,"$1,480,667 ",15,"$1,203,724 ",12,"$926,782 ",9,"$649,840 ",6,"$372,898 ",4
CATHER,-1,10,5,5B,"$1,505,195 ",15,"$1,223,665 ",12,"$942,135 ",9,"$660,605 ",7,"$379,075 ",4
CHALMERS,0,9,5,5B,"$1,152,969 ",12,"$937,319 ",9,"$721,669 ",7,"$506,019 ",5,"$290,369 ",3
CHAPPELL,-1,13,7,2B,"$2,105,528 ",21,"$1,711,713 ",17,"$1,317,897 ",13,"$924,081 ",9,"$530,265 ",5
CHASE,0,39,20,3B,"$2,095,369 ",21,"$1,703,454 ",17,"$1,311,538 ",13,"$919,622 ",9,"$527,707 ",5
CHAVEZ,-1,6,3,8B,"$2,730,791 ",27,"$2,220,027 ",22,"$1,709,263 ",17,"$1,198,499 ",12,"$687,734 ",7
CHICAGO ACADEMY ES,-1,3,2,1B,"$1,736,554 ",17,"$1,411,751 ",14,"$1,086,947 ",11,"$762,144 ",8,"$437,341 ",4
CHICAGO ACADEMY HS,-3,3,2,1B,"$1,886,891 ",19,"$1,533,969 ",15,"$1,181,047 ",12,"$828,125 ",8,"$475,203 ",5
CHICAGO AGRICULTURE HS,-2,35,18,9B,"$3,094,962 ",31,"$2,516,083 ",25,"$1,937,205 ",19,"$1,358,327 ",14,"$779,449 ",8
CHICAGO MILITARY HS,0,5,3,6B,"$1,133,275 ",11,"$921,308 ",9,"$709,342 ",7,"$497,375 ",5,"$285,409 ",3
CHICAGO VOCATIONAL HS,-1,33,17,10B,"$2,697,803 ",27,"$2,193,209 ",22,"$1,688,615 ",17,"$1,184,021 ",12,"$679,426 ",7
CHICAGO WORLD LANGUAGE ACADEMY,-1,9,5,7A,"$1,367,512 ",14,"$1,111,734 ",11,"$855,956 ",9,"$600,178 ",6,"$344,400 ",3
CHOPIN,-2,4,2,5A,"$1,650,148 ",17,"$1,341,506 ",13,"$1,032,864 ",10,"$724,222 ",7,"$415,580 ",4
CHRISTOPHER,0,1,1,8B,"$2,671,712 ",27,"$2,171,998 ",22,"$1,672,284 ",17,"$1,172,570 ",12,"$672,856 ",7
CLAREMONT,-2,6,3,9A,"$1,672,761 ",17,"$1,359,889 ",14,"$1,047,018 ",10,"$734,147 ",7,"$421,275 ",4
CLARK ES,0,8,4,5A,"$799,454 ",8,"$649,925 ",6,"$500,396 ",5,"$350,867 ",4,"$201,338 ",2
CLARK HS,-2,8,4,5A,"$1,873,784 ",19,"$1,523,313 ",15,"$1,172,843 ",12,"$822,372 ",8,"$471,902 ",5
CLAY,-2,33,17,10B,"$1,945,646 ",19,"$1,581,734 ",16,"$1,217,823 ",12,"$853,911 ",9,"$490,000 ",5
CLEMENTE HS,-6,4,2,5A,"$2,664,674 ",27,"$2,166,276 ",22,"$1,667,878 ",17,"$1,169,481 ",12,"$671,083 ",7
CLEVELAND,-3,40,20,3A,"$2,020,883 ",20,"$1,642,899 ",16,"$1,264,915 ",13,"$886,932 ",9,"$508,948 ",5
CLINTON,-2,15,8,2A,"$3,111,708 ",31,"$2,529,698 ",25,"$1,947,687 ",19,"$1,365,677 ",14,"$783,666 ",8
CLISSOLD,-3,35,18,9B,"$2,077,373 ",21,"$1,688,824 ",17,"$1,300,274 ",13,"$911,724 ",9,"$523,175 ",5
COLEMON,0,28,14,9B,"$1,003,477 ",10,"$815,788 ",8,"$628,098 ",6,"$440,409 ",4,"$252,720 ",3
COLES,-1,33,17,10B,"$1,204,291 ",12,"$979,041 ",10,"$753,792 ",8,"$528,543 ",5,"$303,294 ",3
COLLINS STEAM HS,-1,9,5,5B,"$1,179,705 ",12,"$959,055 ",10,"$738,404 ",7,"$517,753 ",5,"$297,102 ",3
COLUMBIA EXPLORERS,-4,23,12,7B,"$2,498,646 ",25,"$2,031,302 ",20,"$1,563,958 ",16,"$1,096,614 ",11,"$629,270 ",6
COOK,0,31,16,9A,"$1,360,549 ",14,"$1,106,074 ",11,"$851,598 ",9,"$597,122 ",6,"$342,647 ",3
COONLEY,-1,11,6,4B,"$2,226,695 ",22,"$1,810,217 ",18,"$1,393,738 ",14,"$977,259 ",10,"$560,781 ",6
COOPER,-3,24,12,7A,"$1,655,821 ",17,"$1,346,118 ",13,"$1,036,415 ",10,"$726,712 ",7,"$417,009 ",4
CORKERY,-2,23,12,7A,"$1,691,292 ",17,"$1,374,954 ",14,"$1,058,617 ",11,"$742,280 ",7,"$425,942 ",4
CORLISS HS,-3,34,17,10B,"$1,702,946 ",17,"$1,384,429 ",14,"$1,065,912 ",11,"$747,394 ",7,"$428,877 ",4
COURTENAY,0,13,7,4A,"$1,652,476 ",17,"$1,343,399 ",13,"$1,034,322 ",10,"$725,244 ",7,"$416,167 ",4
CRANE MEDICAL HS,0,9,5,5B,"$1,234,578 ",12,"$1,003,664 ",10,"$772,750 ",8,"$541,836 ",5,"$310,921 ",3
CROWN,0,9,5,5B,"$727,254 ",7,"$591,229 ",6,"$455,204 ",5,"$319,179 ",3,"$183,155 ",2
CUFFE,0,31,16,9A,"$1,104,630 ",11,"$898,021 ",9,"$691,413 ",7,"$484,804 ",5,"$278,195 ",3
CULLEN,0,34,17,9B,"$903,499 ",9,"$734,509 ",7,"$565,520 ",6,"$396,531 ",4,"$227,541 ",2
CURIE HS,-6,1,1,7B,"$8,225,807 ",82,"$6,687,261 ",67,"$5,148,715 ",51,"$3,610,169 ",36,"$2,071,623 ",21
CURTIS,-3,28,14,9B,"$1,284,269 ",13,"$1,044,060 ",10,"$803,852 ",8,"$563,644 ",6,"$323,436 ",3
DAISY BATES,0,33,17,10B,"$1,011,721 ",10,"$822,490 ",8,"$633,259 ",6,"$444,028 ",4,"$254,796 ",3
DALEY,-2,6,3,8B,"$1,638,002 ",16,"$1,331,632 ",13,"$1,025,262 ",10,"$718,892 ",7,"$412,521 ",4
DARWIN,-1,39,20,3B,"$1,812,379 ",18,"$1,473,393 ",15,"$1,134,408 ",11,"$795,423 ",8,"$456,437 ",5
DAVIS M,0,32,16,9A,"$966,434 ",10,"$785,673 ",8,"$604,912 ",6,"$424,152 ",4,"$243,391 ",2
DAVIS N,-3,23,12,7B,"$1,897,192 ",19,"$1,542,344 ",15,"$1,187,495 ",12,"$832,646 ",8,"$477,797 ",5
DAWES,-2,32,16,8A,"$2,760,264 ",28,"$2,243,987 ",22,"$1,727,710 ",17,"$1,211,434 ",12,"$695,157 ",7
DE DIEGO,-4,4,2,6A,"$2,143,524 ",21,"$1,742,602 ",17,"$1,341,679 ",13,"$940,757 ",9,"$539,835 ",5
DECATUR,-2,16,8,2A,"$991,191 ",10,"$805,800 ",8,"$620,409 ",6,"$435,017 ",4,"$249,626 ",2
DENEEN,-1,32,16,6B,"$1,500,513 ",15,"$1,219,859 ",12,"$939,205 ",9,"$658,550 ",7,"$377,896 ",4
DEPRIEST,-2,8,4,5A,"$2,002,355 ",20,"$1,627,837 ",16,"$1,253,319 ",13,"$878,800 ",9,"$504,282 ",5
DETT,-1,10,5,5B,"$1,550,419 ",16,"$1,260,431 ",13,"$970,442 ",10,"$680,453 ",7,"$390,464 ",4
DEVER,-2,20,10,1A,"$1,944,268 ",19,"$1,580,614 ",16,"$1,216,960 ",12,"$853,307 ",9,"$489,653 ",5
DEVRY HS,0,13,7,2B,"$739,947 ",7,"$601,548 ",6,"$463,149 ",5,"$324,750 ",3,"$186,351 ",2
DEWEY,0,6,3,9A,"$1,315,101 ",13,"$1,069,126 ",11,"$823,151 ",8,"$577,176 ",6,"$331,201 ",3
DIRKSEN,-4,20,10,1A,"$3,093,355 ",31,"$2,514,777 ",25,"$1,936,199 ",19,"$1,357,622 ",14,"$779,044 ",8
DISNEY,-4,11,6,4A,"$3,448,076 ",34,"$2,803,152 ",28,"$2,158,227 ",22,"$1,513,303 ",15,"$868,379 ",9
DISNEY II ES & HS,0,#N/A,#N/A,#N/A,#N/A ,#N/A,#N/A ,#N/A,#N/A ,#N/A,#N/A ,#N/A,#N/A ,#N/A
DIXON,-2,34,17,10B,"$1,294,991 ",13,"$1,052,777 ",11,"$810,563 ",8,"$568,350 ",6,"$326,136 ",3
DOOLITTLE,-1,26,13,10A,"$1,116,384 ",11,"$907,576 ",9,"$698,769 ",7,"$489,962 ",5,"$281,155 ",3
DORE,0,22,11,8A,"$2,662,818 ",27,"$2,164,768 ",22,"$1,666,717 ",17,"$1,168,667 ",12,"$670,616 ",7
DOUGLASS HS,0,78,39,5A,"$866,616 ",9,"$704,525 ",7,"$542,434 ",5,"$380,343 ",4,"$218,252 ",2
DRAKE,-1,6,3,8B,"$1,321,195 ",13,"$1,074,080 ",11,"$826,965 ",8,"$579,851 ",6,"$332,736 ",3
DRUMMOND,0,10,5,4B,"$1,301,352 ",13,"$1,057,949 ",11,"$814,545 ",8,"$571,142 ",6,"$327,738 ",3
DUBOIS,0,29,15,10B,"$990,239 ",10,"$805,026 ",8,"$619,813 ",6,"$434,599 ",4,"$249,386 ",2
DULLES,-4,5,3,6B,"$2,106,500 ",21,"$1,712,502 ",17,"$1,318,505 ",13,"$924,508 ",9,"$530,510 ",5
DUNBAR HS,-3,5,3,6B,"$1,562,036 ",16,"$1,269,874 ",13,"$977,713 ",10,"$685,551 ",7,"$393,390 ",4
DUNNE,0,27,14,9B,"$1,010,534 ",10,"$821,525 ",8,"$632,516 ",6,"$443,506 ",4,"$254,497 ",3
DURKIN PARK,-1,32,16,8A,"$2,190,875 ",22,"$1,781,096 ",18,"$1,371,317 ",14,"$961,538 ",10,"$551,760 ",6
DVORAK,-2,9,5,5B,"$1,018,240 ",10,"$827,790 ",8,"$637,339 ",6,"$446,889 ",4,"$256,438 ",3
DYETT ARTS HS,-3,26,13,6B,"$1,663,082 ",17,"$1,352,021 ",14,"$1,040,960 ",10,"$729,899 ",7,"$418,838 ",4
EARHART,0,33,17,10B,"$859,360 ",9,"$698,626 ",7,"$537,893 ",5,"$377,159 ",4,"$216,425 ",2
EARLE,-1,6,3,9A,"$1,212,934 ",12,"$986,068 ",10,"$759,202 ",8,"$532,336 ",5,"$305,471 ",3
EBERHART,-4,1,1,8B,"$2,892,647 ",29,"$2,351,609 ",24,"$1,810,572 ",18,"$1,269,534 ",13,"$728,497 ",7
EBINGER,-2,20,10,1A,"$2,082,994 ",21,"$1,693,393 ",17,"$1,303,792 ",13,"$914,191 ",9,"$524,590 ",5
EDGEBROOK,0,15,8,1A,"$1,681,662 ",17,"$1,367,126 ",14,"$1,052,590 ",11,"$738,053 ",7,"$423,517 ",4
EDISON,-1,40,20,2B,"$823,316 ",8,"$669,324 ",7,"$515,332 ",5,"$361,339 ",4,"$207,347 ",2
EDISON PARK,-1,20,10,1A,"$1,660,087 ",17,"$1,349,586 ",13,"$1,039,085 ",10,"$728,584 ",7,"$418,083 ",4
EDWARDS,-2,1,1,7B,"$3,954,703 ",40,"$3,215,020 ",32,"$2,475,336 ",25,"$1,735,653 ",17,"$995,970 ",10
ELLINGTON,-2,8,4,5A,"$2,081,331 ",21,"$1,692,041 ",17,"$1,302,751 ",13,"$913,462 ",9,"$524,172 ",5
ENGLEWOOD STEM HS,-6,32,16,6B,"$2,307,282 ",23,"$1,875,730 ",19,"$1,444,179 ",14,"$1,012,627 ",10,"$581,076 ",6
ERICSON,-3,10,5,5B,"$1,216,188 ",12,"$988,714 ",10,"$761,239 ",8,"$533,765 ",5,"$306,290 ",3
ESMOND,0,35,18,9B,"$954,921 ",10,"$776,314 ",8,"$597,707 ",6,"$419,099 ",4,"$240,492 ",2
EVERETT,0,1,1,7B,"$737,576 ",7,"$599,620 ",6,"$461,665 ",5,"$323,710 ",3,"$185,754 ",2
EVERGREEN,0,24,12,8B,"$846,901 ",8,"$688,497 ",7,"$530,094 ",5,"$371,691 ",4,"$213,287 ",2
EVERS,0,27,14,9B,"$1,076,230 ",11,"$874,933 ",9,"$673,636 ",7,"$472,339 ",5,"$271,043 ",3
FAIRFIELD,-3,6,3,8B,"$1,551,903 ",16,"$1,261,637 ",13,"$971,371 ",10,"$681,104 ",7,"$390,838 ",4
FALCONER,0,39,20,3A,"$2,855,752 ",29,"$2,321,615 ",23,"$1,787,479 ",18,"$1,253,342 ",13,"$719,205 ",7
FARADAY,0,10,5,5B,"$1,114,247 ",11,"$905,840 ",9,"$697,432 ",7,"$489,025 ",5,"$280,617 ",3
FARMER,-2,26,13,10A,"$1,031,969 ",10,"$838,951 ",8,"$645,932 ",6,"$452,914 ",5,"$259,896 ",3
FARNSWORTH,-2,19,10,1A,"$2,194,177 ",22,"$1,783,781 ",18,"$1,373,384 ",14,"$962,988 ",10,"$552,591 ",6
FARRAGUT HS,-3,23,12,7A,"$2,169,128 ",22,"$1,763,417 ",18,"$1,357,705 ",14,"$951,994 ",10,"$546,283 ",5
FENGER HS,-1,27,14,9B,"$1,135,484 ",11,"$923,104 ",9,"$710,724 ",7,"$498,345 ",5,"$285,965 ",3
FERNWOOD,-1,27,14,9B,"$838,452 ",8,"$681,629 ",7,"$524,806 ",5,"$367,983 ",4,"$211,159 ",2
FIELD,0,14,7,2A,"$669,339 ",7,"$544,146 ",5,"$418,954 ",4,"$293,762 ",3,"$168,569 ",2
FINKL,0,24,12,7A,"$1,477,586 ",15,"$1,201,220 ",12,"$924,854 ",9,"$648,488 ",6,"$372,122 ",4
FISKE,-2,5,3,6B,"$1,526,092 ",15,"$1,240,653 ",12,"$955,215 ",10,"$669,776 ",7,"$384,338 ",4
FOREMAN HS,-5,39,20,1B,"$2,318,286 ",23,"$1,884,676 ",19,"$1,451,066 ",15,"$1,017,457 ",10,"$583,847 ",6
FORT DEARBORN,-2,27,14,9A,"$1,412,650 ",14,"$1,148,429 ",11,"$884,209 ",9,"$619,988 ",6,"$355,768 ",4
FOSTER PARK,-1,31,16,9A,"$1,597,875 ",16,"$1,299,011 ",13,"$1,000,146 ",10,"$701,281 ",7,"$402,416 ",4
FRANKLIN,-2,12,6,6A,"$1,155,884 ",12,"$939,688 ",9,"$723,493 ",7,"$507,298 ",5,"$291,103 ",3
FRAZIER PROSPECTIVE,0,9,5,5B,"$839,675 ",8,"$682,623 ",7,"$525,571 ",5,"$368,519 ",4,"$211,467 ",2
FULTON,-1,6,3,9A,"$1,217,699 ",12,"$989,942 ",10,"$762,185 ",8,"$534,428 ",5,"$306,671 ",3
FUNSTON,-1,3,2,3B,"$1,981,575 ",20,"$1,610,943 ",16,"$1,240,312 ",12,"$869,680 ",9,"$499,048 ",5
GAGE PARK HS,-4,1,1,8B,"$1,528,082 ",15,"$1,242,271 ",12,"$956,460 ",10,"$670,650 ",7,"$384,839 ",4
GALE,-3,14,7,2A,"$1,853,429 ",19,"$1,506,766 ",15,"$1,160,103 ",12,"$813,439 ",8,"$466,776 ",5
GALILEO,-2,9,5,7A,"$1,788,830 ",18,"$1,454,249 ",15,"$1,119,668 ",11,"$785,088 ",8,"$450,507 ",5
GALLISTEL,-2,25,13,10B,"$1,926,506 ",19,"$1,566,175 ",16,"$1,205,843 ",12,"$845,511 ",8,"$485,180 ",5
GARVEY,0,27,14,9B,"$913,228 ",9,"$742,419 ",7,"$571,610 ",6,"$400,801 ",4,"$229,991 ",2
GARVY,-2,20,10,1A,"$1,868,141 ",19,"$1,518,726 ",15,"$1,169,311 ",12,"$819,896 ",8,"$470,481 ",5
GARY,-4,23,12,7A,"$2,449,306 ",24,"$1,991,190 ",20,"$1,533,075 ",15,"$1,074,959 ",11,"$616,844 ",6
GILLESPIE,-1,34,17,9B,"$1,332,474 ",13,"$1,083,249 ",11,"$834,025 ",8,"$584,800 ",6,"$335,576 ",3
GINSBURG,-1,4,2,5A,"$889,947 ",9,"$723,493 ",7,"$557,038 ",6,"$390,583 ",4,"$224,128 ",2
GOETHE,-1,39,20,3B,"$2,178,406 ",22,"$1,770,959 ",18,"$1,363,513 ",14,"$956,066 ",10,"$548,619 ",5
GOODE HS,-5,32,16,8A,"$3,171,816 ",32,"$2,578,563 ",26,"$1,985,310 ",20,"$1,392,057 ",14,"$798,804 ",8
GOUDY,-2,13,7,4A,"$1,889,094 ",19,"$1,535,760 ",15,"$1,182,426 ",12,"$829,092 ",8,"$475,758 ",5
GRAHAM ES,-2,6,3,9A,"$1,454,007 ",15,"$1,182,051 ",12,"$910,095 ",9,"$638,139 ",6,"$366,183 ",4
GRAY,-2,19,10,1B,"$2,704,569 ",27,"$2,198,709 ",22,"$1,692,850 ",17,"$1,186,990 ",12,"$681,131 ",7
GREELEY,-3,13,7,4A,"$1,351,077 ",14,"$1,098,373 ",11,"$845,669 ",8,"$592,965 ",6,"$340,261 ",3
GREEN,0,27,14,9B,"$1,458,869 ",15,"$1,186,004 ",12,"$913,139 ",9,"$640,273 ",6,"$367,408 ",4
GREENE,-2,24,12,8B,"$1,337,247 ",13,"$1,087,130 ",11,"$837,012 ",8,"$586,895 ",6,"$336,778 ",3
GREGORY,0,9,5,5B,"$1,165,479 ",12,"$947,489 ",9,"$729,499 ",7,"$511,509 ",5,"$293,519 ",3
GRESHAM,-2,27,14,9A,"$1,144,963 ",11,"$930,810 ",9,"$716,658 ",7,"$502,505 ",5,"$288,352 ",3
GRIMES,-1,22,11,8A,"$1,379,827 ",14,"$1,121,745 ",11,"$863,664 ",9,"$605,583 ",6,"$347,502 ",3
GRISSOM,-2,33,17,10B,"$1,185,699 ",12,"$963,927 ",10,"$742,155 ",7,"$520,383 ",5,"$298,612 ",3
GUNSAULUS,-1,23,12,7B,"$1,990,757 ",20,"$1,618,408 ",16,"$1,246,059 ",12,"$873,710 ",9,"$501,361 ",5
HAINES,-2,24,12,7B,"$1,405,541 ",14,"$1,142,650 ",11,"$879,759 ",9,"$616,868 ",6,"$353,978 ",4
HALE,-3,22,11,8A,"$2,114,351 ",21,"$1,718,885 ",17,"$1,323,419 ",13,"$927,953 ",9,"$532,488 ",5
HALEY,-2,28,14,9B,"$1,747,414 ",17,"$1,420,580 ",14,"$1,093,745 ",11,"$766,911 ",8,"$440,076 ",4
HAMILTON,-1,11,6,4A,"$1,450,145 ",15,"$1,178,912 ",12,"$907,678 ",9,"$636,445 ",6,"$365,211 ",4
HAMLINE,-2,6,3,8B,"$2,128,332 ",21,"$1,730,251 ",17,"$1,332,170 ",13,"$934,089 ",9,"$536,008 ",5
HAMMOND,-1,24,12,7A,"$1,106,472 ",11,"$899,519 ",9,"$692,565 ",7,"$485,612 ",5,"$278,659 ",3
HAMPTON,-3,32,16,8A,"$1,507,790 ",15,"$1,225,775 ",12,"$943,759 ",9,"$661,744 ",7,"$379,728 ",4
HANCOCK HS,-3,22,11,8A,"$2,838,251 ",28,"$2,307,388 ",23,"$1,776,524 ",18,"$1,245,661 ",12,"$714,798 ",7
HANSON PARK,-4,3,2,3B,"$4,816,341 ",48,"$3,915,498 ",39,"$3,014,655 ",30,"$2,113,812 ",21,"$1,212,968 ",12
HARLAN HS,0,34,17,9B,"$1,158,308 ",12,"$941,659 ",9,"$725,011 ",7,"$508,362 ",5,"$291,713 ",3
HARTE,-1,25,13,10A,"$1,309,544 ",13,"$1,064,608 ",11,"$819,673 ",8,"$574,737 ",6,"$329,801 ",3
HARVARD,-1,31,16,9A,"$1,529,211 ",15,"$1,243,189 ",12,"$957,167 ",10,"$671,145 ",7,"$385,123 ",4
HAUGAN,-2,40,20,3A,"$3,421,901 ",34,"$2,781,872 ",28,"$2,141,844 ",21,"$1,501,815 ",15,"$861,787 ",9
HAWTHORNE,-1,11,6,4A,"$1,689,069 ",17,"$1,373,147 ",14,"$1,057,226 ",11,"$741,304 ",7,"$425,383 ",4
HAY,0,8,4,5A,"$1,110,744 ",11,"$902,992 ",9,"$695,240 ",7,"$487,487 ",5,"$279,735 ",3
HAYT,0,14,7,2B,"$2,922,539 ",29,"$2,375,910 ",24,"$1,829,282 ",18,"$1,282,653 ",13,"$736,025 ",7
HEALY,-4,24,12,7B,"$3,124,865 ",31,"$2,540,394 ",25,"$1,955,922 ",20,"$1,371,451 ",14,"$786,980 ",8
HEARST,0,1,1,7A,"$1,520,151 ",15,"$1,235,824 ",12,"$951,496 ",10,"$667,169 ",7,"$382,841 ",4
HEDGES,-3,6,3,8B,"$1,675,224 ",17,"$1,361,892 ",14,"$1,048,560 ",10,"$735,228 ",7,"$421,896 ",4
HEFFERAN,0,10,5,5B,"$1,019,537 ",10,"$828,844 ",8,"$638,151 ",6,"$447,458 ",4,"$256,765 ",3
HENDERSON,0,6,3,9A,"$1,186,431 ",12,"$964,522 ",10,"$742,613 ",7,"$520,705 ",5,"$298,796 ",3
HENDRICKS,0,6,3,6B,"$1,224,754 ",12,"$995,677 ",10,"$766,601 ",8,"$537,524 ",5,"$308,447 ",3
HENRY,-2,40,20,3A,"$1,521,037 ",15,"$1,236,544 ",12,"$952,051 ",10,"$667,558 ",7,"$383,065 ",4
HERNANDEZ,-2,1,1,7B,"$2,080,318 ",21,"$1,691,218 ",17,"$1,302,117 ",13,"$913,017 ",9,"$523,917 ",5
HERZL,-1,9,5,5B,"$1,796,339 ",18,"$1,460,353 ",15,"$1,124,368 ",11,"$788,383 ",8,"$452,398 ",5
HIBBARD,-4,40,20,2B,"$2,551,854 ",26,"$2,074,558 ",21,"$1,597,262 ",16,"$1,119,966 ",11,"$642,670 ",6
HIGGINS,-1,27,14,9B,"$1,217,672 ",12,"$989,920 ",10,"$762,168 ",8,"$534,416 ",5,"$306,664 ",3
HIRSCH HS,0,32,16,10B,"$918,234 ",9,"$746,489 ",7,"$574,743 ",6,"$402,998 ",4,"$231,252 ",2
HITCH,-3,19,10,1A,"$1,503,722 ",15,"$1,222,468 ",12,"$941,213 ",9,"$659,959 ",7,"$378,704 ",4
HOLDEN,-2,24,12,7B,"$1,370,243 ",14,"$1,113,954 ",11,"$857,666 ",9,"$601,377 ",6,"$345,088 ",3
HOLMES,0,6,3,9A,"$986,333 ",10,"$801,850 ",8,"$617,368 ",6,"$432,885 ",4,"$248,402 ",2
HOWE,-1,8,4,5A,"$1,254,729 ",13,"$1,020,046 ",10,"$785,363 ",8,"$550,679 ",6,"$315,996 ",3
HOYNE,0,25,13,10B,"$1,005,660 ",10,"$817,562 ",8,"$629,465 ",6,"$441,367 ",4,"$253,270 ",3
HUBBARD HS,-6,22,11,8B,"$4,574,626 ",46,"$3,718,993 ",37,"$2,863,360 ",29,"$2,007,727 ",20,"$1,152,094 ",12
HUGHES C,0,9,5,5B,"$972,606 ",10,"$790,691 ",8,"$608,775 ",6,"$426,860 ",4,"$244,945 ",2
HUGHES L,-2,27,14,9B,"$1,930,313 ",19,"$1,569,269 ",16,"$1,208,225 ",12,"$847,182 ",8,"$486,138 ",5
HURLEY,-3,22,11,8A,"$2,339,857 ",23,"$1,902,213 ",19,"$1,464,568 ",15,"$1,026,924 ",10,"$589,280 ",6
HYDE PARK HS,-1,25,13,10A,"$2,743,172 ",27,"$2,230,092 ",22,"$1,717,012 ",17,"$1,203,932 ",12,"$690,852 ",7
INFINITY HS,-2,23,12,7A,"$1,447,308 ",14,"$1,176,605 ",12,"$905,902 ",9,"$635,199 ",6,"$364,496 ",4
INTER-AMERICAN,-2,11,6,4A,"$1,967,040 ",20,"$1,599,127 ",16,"$1,231,214 ",12,"$863,301 ",9,"$495,388 ",5
IRVING,-2,9,5,5B,"$1,173,978 ",12,"$954,398 ",10,"$734,819 ",7,"$515,239 ",5,"$295,660 ",3
JACKSON M,-1,27,14,9A,"$1,632,330 ",16,"$1,327,020 ",13,"$1,021,711 ",10,"$716,402 ",7,"$411,093 ",4
JAHN,0,11,6,4B,"$1,361,793 ",14,"$1,107,085 ",11,"$852,376 ",9,"$597,668 ",6,"$342,960 ",3
JAMIESON,-1,15,8,2A,"$2,565,335 ",26,"$2,085,517 ",21,"$1,605,700 ",16,"$1,125,883 ",11,"$646,065 ",6
JENSEN,0,9,5,5B,"$1,188,856 ",12,"$966,494 ",10,"$744,132 ",7,"$521,769 ",5,"$299,407 ",3
JOHNSON,0,9,5,5B,"$1,064,744 ",11,"$865,595 ",9,"$666,447 ",7,"$467,298 ",5,"$268,150 ",3
JONES HS,-6,6,3,8B,"$4,786,090 ",48,"$3,890,905 ",39,"$2,995,720 ",30,"$2,100,535 ",21,"$1,205,350 ",12
JOPLIN,-2,31,16,9A,"$1,112,210 ",11,"$904,184 ",9,"$696,157 ",7,"$488,131 ",5,"$280,104 ",3
JORDAN,2,14,7,2A,"$2,022,464 ",20,"$1,644,185 ",16,"$1,265,905 ",13,"$887,626 ",9,"$509,346 ",5
JUAREZ HS,-6,24,12,7A,"$4,410,164 ",44,"$3,585,291 ",36,"$2,760,419 ",28,"$1,935,547 ",19,"$1,110,675 ",11
JULIAN HS,-2,27,14,9B,"$1,898,599 ",19,"$1,543,487 ",15,"$1,188,375 ",12,"$833,263 ",8,"$478,151 ",5
JUNGMAN,0,24,12,7A,"$1,571,051 ",16,"$1,277,204 ",13,"$983,356 ",10,"$689,508 ",7,"$395,660 ",4
KANOON,-2,23,12,7A,"$1,558,460 ",16,"$1,266,967 ",13,"$975,475 ",10,"$683,982 ",7,"$392,489 ",4
KELLER,0,35,18,9B,"$710,506 ",7,"$577,614 ",6,"$444,722 ",4,"$311,829 ",3,"$178,937 ",2
KELLMAN,0,9,5,5B,"$858,139 ",9,"$697,633 ",7,"$537,128 ",5,"$376,623 ",4,"$216,117 ",2
KELLOGG,-1,36,18,9B,"$999,173 ",10,"$812,288 ",8,"$625,404 ",6,"$438,520 ",4,"$251,636 ",3
KELLY HS,-6,23,12,7B,"$5,371,764 ",54,"$4,367,035 ",44,"$3,362,306 ",34,"$2,357,577 ",24,"$1,352,848 ",14
KELVYN PARK HS,-3,39,20,3A,"$1,947,168 ",19,"$1,582,972 ",16,"$1,218,776 ",12,"$854,579 ",9,"$490,383 ",5
KENNEDY HS,-6,22,11,8A,"$4,610,620 ",46,"$3,748,254 ",37,"$2,885,889 ",29,"$2,023,524 ",20,"$1,161,159 ",12
KENWOOD HS,-6,25,13,10A,"$5,346,031 ",53,"$4,346,115 ",43,"$3,346,200 ",33,"$2,346,284 ",23,"$1,346,368 ",13
KERSHAW,0,6,3,9A,"$1,219,733 ",12,"$991,596 ",10,"$763,458 ",8,"$535,321 ",5,"$307,183 ",3
KILMER,-3,14,7,2A,"$2,802,328 ",28,"$2,278,184 ",23,"$1,754,039 ",18,"$1,229,895 ",12,"$705,751 ",7
KING ES,0,32,16,9A,"$838,436 ",8,"$681,616 ",7,"$524,796 ",5,"$367,975 ",4,"$211,155 ",2
KING HS,1,25,13,10A,"$2,561,616 ",26,"$2,082,494 ",21,"$1,603,372 ",16,"$1,124,250 ",11,"$645,128 ",6
KINZIE,-1,22,11,8A,"$2,369,745 ",24,"$1,926,511 ",19,"$1,483,276 ",15,"$1,040,042 ",10,"$596,807 ",6
KIPLING,0,27,14,9B,"$970,985 ",10,"$789,373 ",8,"$607,761 ",6,"$426,149 ",4,"$244,537 ",2
KOZMINSKI,0,25,13,6B,"$1,279,478 ",13,"$1,040,166 ",10,"$800,854 ",8,"$561,542 ",6,"$322,229 ",3
LAKE VIEW HS,-5,11,6,4A,"$4,170,578 ",42,"$3,390,518 ",34,"$2,610,457 ",26,"$1,830,397 ",18,"$1,050,337 ",11
LANE TECH HS,-6,40,20,4B,"$10,719,992 ",107,"$8,714,936 ",87,"$6,709,881 ",67,"$4,704,825 ",47,"$2,699,770 ",27
LANGFORD,0,6,3,9A,"$960,274 ",10,"$780,666 ",8,"$601,057 ",6,"$421,448 ",4,"$241,840 ",2
LARA,-1,24,12,8B,"$1,856,018 ",19,"$1,508,870 ",15,"$1,161,723 ",12,"$814,575 ",8,"$467,428 ",5
LASALLE,-1,12,6,4B,"$1,337,124 ",13,"$1,087,030 ",11,"$836,935 ",8,"$586,841 ",6,"$336,747 ",3
LASALLE II,-1,4,2,5A,"$1,817,411 ",18,"$1,477,484 ",15,"$1,137,558 ",11,"$797,631 ",8,"$457,705 ",5
LAVIZZO,-2,27,14,9B,"$1,438,383 ",14,"$1,169,349 ",12,"$900,316 ",9,"$631,282 ",6,"$362,249 ",4
LAWNDALE,0,9,5,5B,"$924,074 ",9,"$751,236 ",8,"$578,399 ",6,"$405,561 ",4,"$232,723 ",2
LEE,-4,22,11,8A,"$1,790,791 ",18,"$1,455,843 ",15,"$1,120,896 ",11,"$785,948 ",8,"$451,001 ",5
LELAND,3,8,4,5A,"$1,528,461 ",15,"$1,242,580 ",12,"$956,698 ",10,"$670,816 ",7,"$384,934 ",4
LENART,-1,34,17,10B,"$920,718 ",9,"$748,508 ",7,"$576,298 ",6,"$404,088 ",4,"$231,878 ",2
LEWIS,-2,8,4,5A,"$1,774,862 ",18,"$1,442,893 ",14,"$1,110,925 ",11,"$778,957 ",8,"$446,989 ",4
LIBBY,-1,6,3,9A,"$1,300,712 ",13,"$1,057,428 ",11,"$814,144 ",8,"$570,861 ",6,"$327,577 ",3
LINCOLN,-2,12,6,4B,"$2,113,247 ",21,"$1,717,988 ",17,"$1,322,728 ",13,"$927,469 ",9,"$532,209 ",5
LINCOLN PARK HS,-6,12,6,4B,"$5,519,279 ",55,"$4,486,959 ",45,"$3,454,639 ",35,"$2,422,319 ",24,"$1,389,999 ",14
LINDBLOM HS,-5,6,3,9A,"$3,641,601 ",36,"$2,960,480 ",30,"$2,279,359 ",23,"$1,598,238 ",16,"$917,117 ",9
LITTLE VILLAGE,-3,23,12,7A,"$2,233,542 ",22,"$1,815,783 ",18,"$1,398,024 ",14,"$980,264 ",10,"$562,505 ",6
LLOYD,-4,4,2,3B,"$2,724,873 ",27,"$2,215,216 ",22,"$1,705,558 ",17,"$1,195,901 ",12,"$686,244 ",7
LOCKE J,-4,3,2,1B,"$3,050,240 ",31,"$2,479,727 ",25,"$1,909,213 ",19,"$1,338,700 ",13,"$768,186 ",8
LOGAN SQUARE,-1,39,20,3A,"$2,258,120 ",23,"$1,835,763 ",18,"$1,413,407 ",14,"$991,051 ",10,"$568,695 ",6
LORCA,-4,40,20,3A,"$2,121,440 ",21,"$1,724,648 ",17,"$1,327,856 ",13,"$931,065 ",9,"$534,273 ",5
LOVETT,-2,78,39,5A,"$1,187,611 ",12,"$965,482 ",10,"$743,352 ",7,"$521,223 ",5,"$299,093 ",3
LOWELL,-1,4,2,3B,"$1,547,568 ",15,"$1,258,113 ",13,"$968,657 ",10,"$679,202 ",7,"$389,746 ",4
LOZANO,0,10,5,6A,"$1,308,225 ",13,"$1,063,536 ",11,"$818,847 ",8,"$574,158 ",6,"$329,469 ",3
LYON,-3,3,2,1B,"$2,959,001 ",30,"$2,405,553 ",24,"$1,852,104 ",19,"$1,298,656 ",13,"$745,208 ",7
MADERO,-1,23,12,7A,"$969,125 ",10,"$787,861 ",8,"$606,597 ",6,"$425,333 ",4,"$244,069 ",2
MADISON,0,26,13,10A,"$1,110,100 ",11,"$902,469 ",9,"$694,837 ",7,"$487,205 ",5,"$279,573 ",3
MANIERRE,0,9,5,6A,"$1,254,485 ",13,"$1,019,848 ",10,"$785,210 ",8,"$550,573 ",6,"$315,935 ",3
MANLEY HS,0,9,5,5B,"$899,750 ",9,"$731,461 ",7,"$563,173 ",6,"$394,885 ",4,"$226,597 ",2
MANN,-1,33,17,10B,"$1,024,874 ",10,"$833,183 ",8,"$641,491 ",6,"$449,800 ",4,"$258,109 ",3
MARINE LEADERSHIP AT AMES HS,-5,3,2,3B,"$2,089,410 ",21,"$1,698,609 ",17,"$1,307,808 ",13,"$917,007 ",9,"$526,206 ",5
MARQUETTE,-1,32,16,8B,"$2,866,274 ",29,"$2,330,169 ",23,"$1,794,064 ",18,"$1,257,960 ",13,"$721,855 ",7
MARSH,-3,33,17,10B,"$2,473,670 ",25,"$2,010,998 ",20,"$1,548,325 ",15,"$1,085,653 ",11,"$622,980 ",6
MARSHALL HS,0,10,5,5B,"$1,121,103 ",11,"$911,413 ",9,"$701,724 ",7,"$492,034 ",5,"$282,344 ",3
MASON,0,9,5,5B,"$1,203,007 ",12,"$977,998 ",10,"$752,989 ",8,"$527,980 ",5,"$302,971 ",3
MATHER HS,-5,13,7,2A,"$4,892,058 ",49,"$3,977,053 ",40,"$3,062,048 ",31,"$2,147,042 ",21,"$1,232,037 ",12
MAYER,1,10,5,4B,"$2,062,100 ",21,"$1,676,407 ",17,"$1,290,714 ",13,"$905,021 ",9,"$519,328 ",5
MAYS,-2,6,3,9A,"$1,054,684 ",11,"$857,417 ",9,"$660,150 ",7,"$462,883 ",5,"$265,616 ",3
MCAULIFFE,-2,4,2,3B,"$1,825,058 ",18,"$1,483,701 ",15,"$1,142,344 ",11,"$800,987 ",8,"$459,630 ",5
MCCORMICK,-4,23,12,7A,"$1,929,760 ",19,"$1,568,820 ",16,"$1,207,880 ",12,"$846,940 ",8,"$485,999 ",5
MCCUTCHEON,0,13,7,4A,"$1,767,432 ",18,"$1,436,853 ",14,"$1,106,275 ",11,"$775,696 ",8,"$445,118 ",4
MCDADE,0,34,17,10B,"$675,838 ",7,"$549,430 ",5,"$423,022 ",4,"$296,614 ",3,"$170,206 ",2
MCDOWELL,0,33,17,10B,"$660,659 ",7,"$537,090 ",5,"$413,521 ",4,"$289,952 ",3,"$166,383 ",2
MCKAY,0,32,16,8A,"$2,092,008 ",21,"$1,700,721 ",17,"$1,309,434 ",13,"$918,147 ",9,"$526,860 ",5
MCNAIR,0,8,4,5A,"$1,945,509 ",19,"$1,581,623 ",16,"$1,217,737 ",12,"$853,851 ",9,"$489,965 ",5
MCPHERSON,0,13,7,2B,"$3,055,465 ",31,"$2,483,974 ",25,"$1,912,483 ",19,"$1,340,992 ",13,"$769,502 ",8
MELODY,-2,10,5,5B,"$1,495,733 ",15,"$1,215,972 ",12,"$936,212 ",9,"$656,452 ",7,"$376,692 ",4
METCALFE,-1,28,14,9B,"$1,228,026 ",12,"$998,338 ",10,"$768,649 ",8,"$538,960 ",5,"$309,272 ",3
MIÑOSO,-1,#N/A,#N/A,#N/A,#N/A ,#N/A,#N/A ,#N/A,#N/A ,#N/A,#N/A ,#N/A,#N/A ,#N/A
MIRELES,0,25,13,10B,"$1,863,624 ",19,"$1,515,054 ",15,"$1,166,484 ",12,"$817,914 ",8,"$469,343 ",5
MITCHELL,-2,4,2,5A,"$1,309,438 ",13,"$1,064,522 ",11,"$819,606 ",8,"$574,691 ",6,"$329,775 ",3
MOLLISON,0,5,3,6B,"$1,051,337 ",11,"$854,696 ",9,"$658,055 ",7,"$461,414 ",5,"$264,773 ",3
MONARCAS,-3,#N/A,#N/A,#N/A,#N/A ,#N/A,#N/A ,#N/A,#N/A ,#N/A,#N/A ,#N/A,#N/A ,#N/A
MOOS,-1,3,2,3B,"$1,794,079 ",18,"$1,458,517 ",15,"$1,122,954 ",11,"$787,391 ",8,"$451,829 ",5
MORGAN PARK HS,-4,35,18,9B,"$3,788,232 ",38,"$3,079,686 ",31,"$2,371,139 ",24,"$1,662,592 ",17,"$954,045 ",10
MORRILL,-4,6,3,8B,"$2,262,430 ",23,"$1,839,268 ",18,"$1,416,105 ",14,"$992,943 ",10,"$569,780 ",6
MORTON,0,10,5,5B,"$1,271,752 ",13,"$1,033,885 ",10,"$796,018 ",8,"$558,151 ",6,"$320,284 ",3
MOSAIC,-1,16,8,2A,"$2,389,552 ",24,"$1,942,613 ",19,"$1,495,674 ",15,"$1,048,735 ",10,"$601,795 ",6
MOUNT GREENWOOD,-3,35,18,9B,"$2,857,517 ",29,"$2,323,050 ",23,"$1,788,583 ",18,"$1,254,117 ",13,"$719,650 ",7
MOUNT VERNON,0,27,14,9B,"$1,045,006 ",10,"$849,549 ",8,"$654,092 ",7,"$458,636 ",5,"$263,179 ",3
MOZART,-2,3,2,3B,"$2,018,096 ",20,"$1,640,633 ",16,"$1,263,171 ",13,"$885,709 ",9,"$508,246 ",5
MULTICULTURAL ARTS HS,-3,23,12,7A,"$1,150,061 ",12,"$934,955 ",9,"$719,849 ",7,"$504,743 ",5,"$289,636 ",3
MURPHY,-1,40,20,3A,"$1,830,555 ",18,"$1,488,170 ",15,"$1,145,785 ",11,"$803,400 ",8,"$461,015 ",5
MURRAY,-3,25,13,10A,"$1,604,340 ",16,"$1,304,266 ",13,"$1,004,192 ",10,"$704,118 ",7,"$404,044 ",4
NASH,0,8,4,5A,"$1,442,412 ",14,"$1,172,624 ",12,"$902,837 ",9,"$633,050 ",6,"$363,263 ",4
NATIONAL TEACHERS,-1,6,3,8B,"$2,229,036 ",22,"$1,812,119 ",18,"$1,395,203 ",14,"$978,287 ",10,"$561,370 ",6
NEIL,0,34,17,10B,"$1,759,126 ",18,"$1,430,101 ",14,"$1,101,076 ",11,"$772,051 ",8,"$443,026 ",4
NETTELHORST,-1,12,6,4A,"$2,047,729 ",20,"$1,664,724 ",17,"$1,281,719 ",13,"$898,714 ",9,"$515,709 ",5
NEW FIELD,-2,14,7,2A,"$1,972,745 ",20,"$1,603,765 ",16,"$1,234,785 ",12,"$865,805 ",9,"$496,825 ",5
NEW SULLIVAN,-1,25,13,10B,"$1,960,094 ",20,"$1,593,480 ",16,"$1,226,866 ",12,"$860,252 ",9,"$493,639 ",5
NEWBERRY,-3,12,6,4B,"$1,322,241 ",13,"$1,074,930 ",11,"$827,620 ",8,"$580,309 ",6,"$332,999 ",3
NICHOLSON,-2,6,3,9A,"$2,068,763 ",21,"$1,681,824 ",17,"$1,294,885 ",13,"$907,945 ",9,"$521,006 ",5
NIGHTINGALE,-4,1,1,7B,"$2,760,950 ",28,"$2,244,545 ",22,"$1,728,140 ",17,"$1,211,735 ",12,"$695,330 ",7
NINOS HEROES,-2,26,13,10B,"$1,248,896 ",12,"$1,015,304 ",10,"$781,712 ",8,"$548,120 ",5,"$314,527 ",3
NIXON,-3,3,2,3B,"$2,217,808 ",22,"$1,802,991 ",18,"$1,388,175 ",14,"$973,359 ",10,"$558,542 ",6
NOBEL,-3,4,2,3B,"$1,854,719 ",19,"$1,507,814 ",15,"$1,160,910 ",12,"$814,005 ",8,"$467,101 ",5
NORTH RIVER,-1,40,20,3A,"$1,182,999 ",12,"$961,732 ",10,"$740,465 ",7,"$519,198 ",5,"$297,932 ",3
NORTH-GRAND HS,-6,4,2,3B,"$3,580,714 ",36,"$2,910,981 ",29,"$2,241,248 ",22,"$1,571,515 ",16,"$901,783 ",9
NORTHSIDE PREP HS,-1,15,8,2B,"$3,074,322 ",31,"$2,499,304 ",25,"$1,924,286 ",19,"$1,349,269 ",13,"$774,251 ",8
NORTHWEST,-2,3,2,3B,"$1,724,945 ",17,"$1,402,313 ",14,"$1,079,681 ",11,"$757,049 ",8,"$434,418 ",4
NORWOOD PARK,-2,20,10,1A,"$1,048,704 ",10,"$852,556 ",9,"$656,407 ",7,"$460,259 ",5,"$264,110 ",3
OGDEN ES & HS,0,#N/A,#N/A,#N/A,#N/A ,#N/A,#N/A ,#N/A,#N/A ,#N/A,#N/A ,#N/A,#N/A ,#N/A
OGLESBY,-1,31,16,9A,"$1,051,105 ",11,"$854,508 ",9,"$657,910 ",7,"$461,313 ",5,"$264,715 ",3
OKEEFFE,-1,25,13,10A,"$1,796,105 ",18,"$1,460,163 ",15,"$1,124,222 ",11,"$788,280 ",8,"$452,339 ",5
ONAHAN,-2,20,10,1A,"$1,858,210 ",19,"$1,510,652 ",15,"$1,163,095 ",12,"$815,537 ",8,"$467,980 ",5
ORIOLE PARK,-3,20,10,1A,"$1,822,772 ",18,"$1,481,843 ",15,"$1,140,914 ",11,"$799,984 ",8,"$459,055 ",5
OROZCO,-1,24,12,7A,"$1,089,424 ",11,"$885,660 ",9,"$681,895 ",7,"$478,130 ",5,"$274,365 ",3
ORR HS,-2,10,5,5A,"$1,377,207 ",14,"$1,119,616 ",11,"$862,025 ",9,"$604,433 ",6,"$346,842 ",3
ORTIZ DE DOMINGUEZ,-3,23,12,7A,"$1,711,667 ",17,"$1,391,518 ",14,"$1,071,370 ",11,"$751,222 ",8,"$431,074 ",4
OTIS,-1,10,5,5B,"$1,785,151 ",18,"$1,451,259 ",15,"$1,117,366 ",11,"$783,473 ",8,"$449,580 ",4
OTOOLE,0,6,3,9A,"$1,211,859 ",12,"$985,194 ",10,"$758,529 ",8,"$531,865 ",5,"$305,200 ",3
OWEN,-1,31,16,8A,"$1,010,581 ",10,"$821,563 ",8,"$632,545 ",6,"$443,527 ",4,"$254,509 ",3
OWENS,-2,28,14,9B,"$1,489,474 ",15,"$1,210,885 ",12,"$932,295 ",9,"$653,705 ",7,"$375,116 ",4
PALMER,-1,15,8,1B,"$2,234,029 ",22,"$1,816,179 ",18,"$1,398,328 ",14,"$980,478 ",10,"$562,628 ",6
PARK MANOR,0,32,16,6B,"$1,249,345 ",12,"$1,015,669 ",10,"$781,993 ",8,"$548,317 ",5,"$314,641 ",3
PARKER,-2,32,16,6B,"$1,840,310 ",18,"$1,496,101 ",15,"$1,151,891 ",12,"$807,681 ",8,"$463,472 ",5
PARKSIDE,-1,26,13,10A,"$1,143,917 ",11,"$929,960 ",9,"$716,003 ",7,"$502,046 ",5,"$288,089 ",3
PASTEUR,-3,22,11,8A,"$2,128,782 ",21,"$1,730,617 ",17,"$1,332,452 ",13,"$934,287 ",9,"$536,122 ",5
PAYTON HS,-3,12,6,6A,"$3,495,353 ",35,"$2,841,586 ",28,"$2,187,819 ",22,"$1,534,052 ",15,"$880,285 ",9
PECK,-4,22,11,7B,"$2,452,392 ",25,"$1,993,699 ",20,"$1,535,006 ",15,"$1,076,314 ",11,"$617,621 ",6
PEIRCE,-3,14,7,2B,"$3,136,351 ",31,"$2,549,732 ",25,"$1,963,112 ",20,"$1,376,492 ",14,"$789,872 ",8
PENN,0,9,5,5B,"$1,128,300 ",11,"$917,264 ",9,"$706,228 ",7,"$495,192 ",5,"$284,156 ",3
PEREZ,-1,24,12,7A,"$1,228,943 ",12,"$999,083 ",10,"$769,222 ",8,"$539,362 ",5,"$309,502 ",3
PERSHING,-3,5,3,6B,"$1,566,622 ",16,"$1,273,603 ",13,"$980,584 ",10,"$687,564 ",7,"$394,545 ",4
PETERSON,-4,15,8,2B,"$2,538,502 ",25,"$2,063,704 ",21,"$1,588,905 ",16,"$1,114,106 ",11,"$639,308 ",6
PHILLIPS HS,-4,5,3,6B,"$1,573,377 ",16,"$1,279,094 ",13,"$984,812 ",10,"$690,529 ",7,"$396,246 ",4
PHOENIX MILITARY HS,-2,10,5,5B,"$1,409,857 ",14,"$1,146,159 ",11,"$882,461 ",9,"$618,763 ",6,"$355,064 ",4
PICCOLO,-3,4,2,3B,"$2,078,563 ",21,"$1,689,791 ",17,"$1,301,019 ",13,"$912,247 ",9,"$523,474 ",5
PICKARD,-2,24,12,7A,"$1,346,818 ",13,"$1,094,911 ",11,"$843,003 ",8,"$591,096 ",6,"$339,189 ",3
PILSEN,0,24,12,7A,"$1,080,278 ",11,"$878,224 ",9,"$676,170 ",7,"$474,116 ",5,"$272,062 ",3
PIRIE,0,34,17,10B,"$917,513 ",9,"$745,902 ",7,"$574,291 ",6,"$402,681 ",4,"$231,070 ",2
PLAMONDON,0,9,5,5B,"$849,967 ",8,"$690,990 ",7,"$532,013 ",5,"$373,036 ",4,"$214,059 ",2
POE,0,34,17,10B,"$763,235 ",8,"$620,480 ",6,"$477,726 ",5,"$334,971 ",3,"$192,216 ",2
PORTAGE PARK,-3,19,10,1B,"$3,043,758 ",30,"$2,474,457 ",25,"$1,905,155 ",19,"$1,335,854 ",13,"$766,553 ",8
POWELL,-1,25,13,10A,"$1,874,696 ",19,"$1,524,055 ",15,"$1,173,414 ",12,"$822,773 ",8,"$472,132 ",5
PRESCOTT,0,40,20,4B,"$1,390,545 ",14,"$1,130,459 ",11,"$870,373 ",9,"$610,287 ",6,"$350,201 ",4
PRIETO,-2,3,2,3B,"$2,384,750 ",24,"$1,938,709 ",19,"$1,492,668 ",15,"$1,046,627 ",10,"$600,586 ",6
PRITZKER,-2,3,2,6A,"$1,765,272 ",18,"$1,435,098 ",14,"$1,104,923 ",11,"$774,748 ",8,"$444,574 ",4
PROSSER HS,-2,3,2,3B,"$3,934,426 ",39,"$3,198,535 ",32,"$2,462,645 ",25,"$1,726,754 ",17,"$990,863 ",10
PRUSSING,-1,19,10,1A,"$1,860,923 ",19,"$1,512,858 ",15,"$1,164,793 ",12,"$816,728 ",8,"$468,663 ",5
PULASKI,-2,39,20,6A,"$2,411,164 ",24,"$1,960,182 ",20,"$1,509,201 ",15,"$1,058,219 ",11,"$607,238 ",6
PULLMAN,0,34,17,10B,"$1,233,146 ",12,"$1,002,500 ",10,"$771,854 ",8,"$541,207 ",5,"$310,561 ",3
RABY HS,0,10,5,5B,"$1,131,056 ",11,"$919,504 ",9,"$707,953 ",7,"$496,402 ",5,"$284,850 ",3
RANDOLPH,-4,32,16,9A,"$1,505,041 ",15,"$1,223,540 ",12,"$942,038 ",9,"$660,537 ",7,"$379,036 ",4
RAVENSWOOD,-1,13,7,4A,"$1,627,078 ",16,"$1,322,751 ",13,"$1,018,424 ",10,"$714,097 ",7,"$409,770 ",4
RAY,-4,25,13,10A,"$1,961,734 ",20,"$1,594,813 ",16,"$1,227,893 ",12,"$860,972 ",9,"$494,052 ",5
REAVIS,-2,26,13,10A,"$1,444,092 ",14,"$1,173,991 ",12,"$903,889 ",9,"$633,788 ",6,"$363,686 ",4
REILLY,-4,40,20,3A,"$1,954,256 ",20,"$1,588,734 ",16,"$1,223,212 ",12,"$857,690 ",9,"$492,168 ",5
REINBERG,-1,3,2,1B,"$2,893,530 ",29,"$2,352,327 ",24,"$1,811,125 ",18,"$1,269,922 ",13,"$728,719 ",7
REVERE,0,5,3,10A,"$940,745 ",9,"$764,789 ",8,"$588,833 ",6,"$412,877 ",4,"$236,921 ",2
RICHARDS HS,-1,6,3,8B,"$1,438,356 ",14,"$1,169,327 ",12,"$900,299 ",9,"$631,270 ",6,"$362,242 ",4
RICHARDSON,-4,22,11,8A,"$2,358,557 ",24,"$1,917,415 ",19,"$1,476,273 ",15,"$1,035,131 ",10,"$593,989 ",6
RICKOVER MILITARY HS,1,19,10,1B,"$1,796,067 ",18,"$1,460,132 ",15,"$1,124,198 ",11,"$788,264 ",8,"$452,329 ",5
ROBINSON,0,26,13,10A,"$740,362 ",7,"$601,886 ",6,"$463,409 ",5,"$324,933 ",3,"$186,456 ",2
ROGERS,0,18,9,2A,"$2,621,347 ",26,"$2,131,053 ",21,"$1,640,760 ",16,"$1,150,466 ",12,"$660,172 ",7
ROOSEVELT HS,-6,40,20,3A,"$3,538,923 ",35,"$2,877,007 ",29,"$2,215,090 ",22,"$1,553,174 ",16,"$891,258 ",9
RUGGLES,0,34,17,10A,"$1,158,229 ",12,"$941,595 ",9,"$724,961 ",7,"$508,327 ",5,"$291,693 ",3
RUIZ,-2,24,12,7A,"$1,931,885 ",19,"$1,570,547 ",16,"$1,209,210 ",12,"$847,872 ",8,"$486,534 ",5
RYDER,0,31,16,9A,"$1,887,545 ",19,"$1,534,501 ",15,"$1,181,456 ",12,"$828,412 ",8,"$475,368 ",5
SABIN,-3,3,2,6A,"$1,320,660 ",13,"$1,073,645 ",11,"$826,630 ",8,"$579,616 ",6,"$332,601 ",3
SADLOWSKI,0,25,13,10B,"$2,509,302 ",25,"$2,039,965 ",20,"$1,570,628 ",16,"$1,101,291 ",11,"$631,954 ",6
SALAZAR,-4,12,6,6A,"$1,082,734 ",11,"$880,221 ",9,"$677,707 ",7,"$475,194 ",5,"$272,680 ",3
SANDOVAL,-3,1,1,7B,"$2,131,046 ",21,"$1,732,458 ",17,"$1,333,869 ",13,"$935,281 ",9,"$536,692 ",5
SAUCEDO,-4,24,12,7A,"$3,205,241 ",32,"$2,605,736 ",26,"$2,006,231 ",20,"$1,406,727 ",14,"$807,222 ",8
SAUGANASH,-1,15,8,1A,"$1,697,942 ",17,"$1,380,361 ",14,"$1,062,780 ",11,"$745,199 ",7,"$427,617 ",4
SAWYER,-4,1,1,7B,"$2,638,043 ",26,"$2,144,626 ",21,"$1,651,209 ",17,"$1,157,793 ",12,"$664,376 ",7
SAYRE,-2,78,39,5A,"$1,523,629 ",15,"$1,238,651 ",12,"$953,673 ",10,"$668,695 ",7,"$383,717 ",4
SCAMMON,-2,40,20,3A,"$1,909,878 ",19,"$1,552,656 ",16,"$1,195,435 ",12,"$838,213 ",8,"$480,992 ",5
SCHMID,0,34,17,10B,"$1,071,849 ",11,"$871,372 ",9,"$670,894 ",7,"$470,417 ",5,"$269,939 ",3
SCHUBERT,-3,39,20,3B,"$1,880,396 ",19,"$1,528,689 ",15,"$1,176,982 ",12,"$825,274 ",8,"$473,567 ",5
SCHURZ HS,-6,19,10,1B,"$4,176,870 ",42,"$3,395,632 ",34,"$2,614,395 ",26,"$1,833,158 ",18,"$1,051,921 ",11
SENN HS,-6,14,7,2B,"$4,093,600 ",41,"$3,327,937 ",33,"$2,562,275 ",26,"$1,796,612 ",18,"$1,030,950 ",10
SEWARD,-1,24,12,8B,"$1,413,559 ",14,"$1,149,168 ",11,"$884,778 ",9,"$620,387 ",6,"$355,997 ",4
SHERIDAN,-2,24,12,7B,"$1,430,432 ",14,"$1,162,885 ",12,"$895,339 ",9,"$627,793 ",6,"$360,246 ",4
SHERMAN,0,6,3,9A,"$1,029,288 ",10,"$836,771 ",8,"$644,254 ",6,"$451,737 ",5,"$259,220 ",3
SHERWOOD,0,5,3,6B,"$1,255,156 ",13,"$1,020,393 ",10,"$785,630 ",8,"$550,867 ",6,"$316,104 ",3
SHIELDS,-3,23,12,7B,"$1,651,212 ",17,"$1,342,371 ",13,"$1,033,530 ",10,"$724,689 ",7,"$415,848 ",4
SHIELDS MIDDLE,-2,1,1,8B,"$1,144,736 ",11,"$930,626 ",9,"$716,516 ",7,"$502,406 ",5,"$288,295 ",3
SHOESMITH,-2,25,13,10A,"$1,187,709 ",12,"$965,561 ",10,"$743,413 ",7,"$521,266 ",5,"$299,118 ",3
SHOOP,-1,27,14,9B,"$1,925,930 ",19,"$1,565,706 ",16,"$1,205,483 ",12,"$845,259 ",8,"$485,035 ",5
SIMEON HS,-1,31,16,10B,"$3,457,591 ",35,"$2,810,887 ",28,"$2,164,183 ",22,"$1,517,479 ",15,"$870,775 ",9
SKINNER,-3,10,5,5B,"$2,673,222 ",27,"$2,173,226 ",22,"$1,673,229 ",17,"$1,173,233 ",12,"$673,236 ",7
SKINNER NORTH,-1,9,5,6A,"$1,175,519 ",12,"$955,651 ",10,"$735,783 ",7,"$515,915 ",5,"$296,048 ",3
SMITH,2,34,17,10B,"$1,508,724 ",15,"$1,226,534 ",12,"$944,344 ",9,"$662,154 ",7,"$379,964 ",4
SMYSER,-3,19,10,1B,"$2,376,053 ",24,"$1,931,638 ",19,"$1,487,224 ",15,"$1,042,810 ",10,"$598,396 ",6
SMYTH,0,9,5,7A,"$1,673,078 ",17,"$1,360,148 ",14,"$1,047,217 ",10,"$734,286 ",7,"$421,355 ",4
SOCIAL JUSTICE HS,-4,23,12,7A,"$1,184,701 ",12,"$963,116 ",10,"$741,531 ",7,"$519,945 ",5,"$298,360 ",3
SOLOMON,-1,15,8,1A,"$1,541,982 ",15,"$1,253,571 ",13,"$965,161 ",10,"$676,750 ",7,"$388,339 ",4
SOLORIO HS,-5,1,1,7B,"$3,651,109 ",37,"$2,968,209 ",30,"$2,285,310 ",23,"$1,602,410 ",16,"$919,511 ",9
SOR JUANA,-1,22,11,8A,"$1,425,580 ",14,"$1,158,941 ",12,"$892,302 ",9,"$625,663 ",6,"$359,024 ",4
SOUTH LOOP,0,6,3,8B,"$2,311,407 ",23,"$1,879,084 ",19,"$1,446,761 ",14,"$1,014,438 ",10,"$582,115 ",6
SOUTH SHORE ES,0,26,13,10A,"$1,466,568 ",15,"$1,192,263 ",12,"$917,958 ",9,"$643,652 ",6,"$369,347 ",4
SOUTH SHORE INTL HS,-4,33,17,10B,"$2,282,109 ",23,"$1,855,266 ",19,"$1,428,423 ",14,"$1,001,580 ",10,"$574,736 ",6
SPENCER,-1,8,4,5A,"$1,557,921 ",16,"$1,266,529 ",13,"$975,137 ",10,"$683,745 ",7,"$392,354 ",4
SPRY ES,-3,23,12,7A,"$1,428,176 ",14,"$1,161,052 ",12,"$893,927 ",9,"$626,803 ",6,"$359,678 ",4
SPRY HS,0,23,12,7A,"$771,399 ",8,"$627,118 ",6,"$482,836 ",5,"$338,554 ",3,"$194,273 ",2
STAGG,-1,31,16,9A,"$1,475,706 ",15,"$1,199,692 ",12,"$923,677 ",9,"$647,663 ",6,"$371,648 ",4
STEINMETZ HS,-6,3,2,1B,"$3,649,839 ",36,"$2,967,177 ",30,"$2,284,516 ",23,"$1,601,854 ",16,"$919,192 ",9
STEM,-1,9,5,7A,"$1,244,428 ",12,"$1,011,672 ",10,"$778,915 ",8,"$546,159 ",5,"$313,402 ",3
STEVENSON,-4,32,16,8A,"$3,729,872 ",37,"$3,032,241 ",30,"$2,334,610 ",23,"$1,636,979 ",16,"$939,347 ",9
STONE,-2,16,8,2A,"$1,772,432 ",18,"$1,440,918 ",14,"$1,109,404 ",11,"$777,891 ",8,"$446,377 ",4
STOWE,-2,4,2,3B,"$2,006,907 ",20,"$1,631,538 ",16,"$1,256,168 ",13,"$880,798 ",9,"$505,428 ",5
SUDER,1,10,5,5B,"$1,576,337 ",16,"$1,281,501 ",13,"$986,665 ",10,"$691,828 ",7,"$396,992 ",4
SULLIVAN HS,-6,14,7,2A,"$2,667,745 ",27,"$2,168,773 ",22,"$1,669,801 ",17,"$1,170,829 ",12,"$671,857 ",7
SUMNER,0,10,5,5B,"$1,076,071 ",11,"$874,804 ",9,"$673,537 ",7,"$472,270 ",5,"$271,002 ",3
SUTHERLAND,0,35,18,9B,"$2,049,035 ",20,"$1,665,786 ",17,"$1,282,537 ",13,"$899,287 ",9,"$516,038 ",5
SWIFT,-1,14,7,2B,"$1,998,710 ",20,"$1,624,873 ",16,"$1,251,037 ",13,"$877,200 ",9,"$503,364 ",5
TAFT HS,-6,20,10,1A,"$10,805,817 ",108,"$8,784,709 ",88,"$6,763,601 ",68,"$4,742,493 ",47,"$2,721,384 ",27
TALCOTT,-3,4,2,5B,"$1,749,097 ",17,"$1,421,947 ",14,"$1,094,798 ",11,"$767,649 ",8,"$440,500 ",4
TALMAN,-1,1,1,7B,"$1,385,387 ",14,"$1,126,265 ",11,"$867,144 ",9,"$608,023 ",6,"$348,902 ",3
TANNER,-1,32,16,6B,"$1,303,995 ",13,"$1,060,097 ",11,"$816,200 ",8,"$572,302 ",6,"$328,404 ",3
TARKINGTON,-4,32,16,8A,"$2,443,255 ",24,"$1,986,271 ",20,"$1,529,287 ",15,"$1,072,304 ",11,"$615,320 ",6
TAYLOR,-1,25,13,10B,"$1,423,037 ",14,"$1,156,874 ",12,"$890,711 ",9,"$624,547 ",6,"$358,384 ",4
TELPOCHCALLI,0,24,12,7A,"$1,105,501 ",11,"$898,729 ",9,"$691,957 ",7,"$485,186 ",5,"$278,414 ",3
THORP J,-1,25,13,10B,"$1,635,245 ",16,"$1,329,390 ",13,"$1,023,536 ",10,"$717,682 ",7,"$411,827 ",4
THORP O,-3,19,10,1B,"$2,727,103 ",27,"$2,217,029 ",22,"$1,706,954 ",17,"$1,196,880 ",12,"$686,806 ",7
TILDEN HS,-2,6,3,9A,"$1,351,120 ",14,"$1,098,408 ",11,"$845,696 ",8,"$592,984 ",6,"$340,272 ",3
TILL,-2,5,3,6B,"$1,330,658 ",13,"$1,081,773 ",11,"$832,889 ",8,"$584,004 ",6,"$335,119 ",3
TILTON,-1,10,5,5B,"$1,115,082 ",11,"$906,519 ",9,"$697,955 ",7,"$489,391 ",5,"$280,827 ",3
TUBMAN,-1,11,6,4B,"$1,438,904 ",14,"$1,169,773 ",12,"$900,642 ",9,"$631,511 ",6,"$362,380 ",4
TURNER-DREW,0,27,14,9B,"$1,000,467 ",10,"$813,340 ",8,"$626,214 ",6,"$439,088 ",4,"$251,962 ",3
TWAIN,-2,1,1,8A,"$2,507,302 ",25,"$2,038,339 ",20,"$1,569,376 ",16,"$1,100,413 ",11,"$631,450 ",6
UPLIFT HS,-1,13,7,4A,"$1,498,379 ",15,"$1,218,124 ",12,"$937,869 ",9,"$657,613 ",7,"$377,358 ",4
VANDERPOEL,-1,35,18,9B,"$986,912 ",10,"$802,321 ",8,"$617,730 ",6,"$433,139 ",4,"$248,548 ",2
VOLTA,-3,40,20,2B,"$2,236,455 ",22,"$1,818,151 ",18,"$1,399,847 ",14,"$981,543 ",10,"$563,239 ",6
VON LINNE,-2,40,20,3A,"$1,952,877 ",20,"$1,587,613 ",16,"$1,222,349 ",12,"$857,085 ",9,"$491,821 ",5
VON STEUBEN HS,-1,15,8,2B,"$4,206,064 ",42,"$3,419,367 ",34,"$2,632,669 ",26,"$1,845,971 ",18,"$1,059,274 ",11
WACKER,0,27,14,9B,"$1,084,092 ",11,"$881,325 ",9,"$678,557 ",7,"$475,790 ",5,"$273,023 ",3
WADSWORTH,-2,5,3,6B,"$1,690,747 ",17,"$1,374,512 ",14,"$1,058,276 ",11,"$742,041 ",7,"$425,805 ",4
WALSH,0,24,12,7A,"$1,384,119 ",14,"$1,125,235 ",11,"$866,351 ",9,"$607,466 ",6,"$348,582 ",3
WARD J,-3,24,12,7B,"$1,606,178 ",16,"$1,305,760 ",13,"$1,005,342 ",10,"$704,925 ",7,"$404,507 ",4
WARD L,0,10,5,5A,"$1,374,874 ",14,"$1,117,719 ",11,"$860,564 ",9,"$603,409 ",6,"$346,254 ",3
WARREN,-2,25,13,10B,"$1,032,219 ",10,"$839,154 ",8,"$646,089 ",6,"$453,024 ",5,"$259,959 ",3
WASHINGTON G ES,-1,25,13,10B,"$1,797,929 ",18,"$1,461,646 ",15,"$1,125,364 ",11,"$789,081 ",8,"$452,798 ",5
WASHINGTON H ES,-2,33,17,10B,"$1,123,979 ",11,"$913,751 ",9,"$703,523 ",7,"$493,296 ",5,"$283,068 ",3
WASHINGTON HS,-6,25,13,10B,"$4,263,202 ",43,"$3,465,817 ",35,"$2,668,432 ",27,"$1,871,048 ",19,"$1,073,663 ",11
WATERS,-1,11,6,2B,"$1,944,760 ",19,"$1,581,014 ",16,"$1,217,268 ",12,"$853,523 ",9,"$489,777 ",5
WEBSTER,0,10,5,5B,"$980,337 ",10,"$796,976 ",8,"$613,614 ",6,"$430,253 ",4,"$246,892 ",2
WELLS ES,-2,5,3,6B,"$1,343,055 ",13,"$1,091,852 ",11,"$840,648 ",8,"$589,445 ",6,"$338,241 ",3
WELLS HS,-6,4,2,5B,"$1,359,436 ",14,"$1,105,168 ",11,"$850,901 ",9,"$596,634 ",6,"$342,366 ",3
WENTWORTH,-1,32,16,9A,"$1,957,692 ",20,"$1,591,527 ",16,"$1,225,363 ",12,"$859,198 ",9,"$493,034 ",5
WEST PARK,0,4,2,3B,"$1,719,449 ",17,"$1,397,845 ",14,"$1,076,241 ",11,"$754,637 ",8,"$433,033 ",4
WEST RIDGE,-1,16,8,2A,"$2,254,856 ",23,"$1,833,110 ",18,"$1,411,364 ",14,"$989,619 ",10,"$567,873 ",6
WESTCOTT,-2,31,16,10B,"$1,479,564 ",15,"$1,202,828 ",12,"$926,092 ",9,"$649,356 ",6,"$372,620 ",4
WESTINGHOUSE HS,-4,10,5,5B,"$3,540,085 ",35,"$2,877,952 ",29,"$2,215,818 ",22,"$1,553,684 ",16,"$891,551 ",9
WHISTLER,2,27,14,9B,"$1,217,475 ",12,"$989,760 ",10,"$762,044 ",8,"$534,329 ",5,"$306,614 ",3
WHITE,0,28,14,9B,"$811,179 ",8,"$659,457 ",7,"$507,735 ",5,"$356,013 ",4,"$204,291 ",2
WHITNEY,-4,23,12,7A,"$1,835,786 ",18,"$1,492,423 ",15,"$1,149,059 ",11,"$805,696 ",8,"$462,332 ",5
WHITTIER,0,24,12,7A,"$902,259 ",9,"$733,501 ",7,"$564,744 ",6,"$395,986 ",4,"$227,229 ",2
WILDWOOD,-1,15,8,1A,"$1,496,241 ",15,"$1,216,386 ",12,"$936,531 ",9,"$656,675 ",7,"$376,820 ",4
WILLIAMS HS,0,5,3,6B,"$752,455 ",8,"$611,717 ",6,"$470,978 ",5,"$330,240 ",3,"$189,502 ",2
WOODLAWN,3,5,3,10A,"$777,274 ",8,"$631,893 ",6,"$486,513 ",5,"$341,132 ",3,"$195,752 ",2
WOODSON,0,26,13,6B,"$1,280,955 ",13,"$1,041,367 ",10,"$801,778 ",8,"$562,190 ",6,"$322,601 ",3
WORLD LANGUAGE HS,-2,23,12,7A,"$1,634,038 ",16,"$1,328,409 ",13,"$1,022,780 ",10,"$717,152 ",7,"$411,523 ",4
YATES,0,3,2,3B,"$1,552,311 ",16,"$1,261,969 ",13,"$971,626 ",10,"$681,283 ",7,"$390,941 ",4
YOUNG ES,-2,78,39,5A,"$1,580,303 ",16,"$1,284,725 ",13,"$989,146 ",10,"$693,568 ",7,"$397,990 ",4
YOUNG HS,-6,10,5,5B,"$5,902,028 ",59,"$4,798,119 ",48,"$3,694,210 ",37,"$2,590,301 ",26,"$1,486,392 ",15
ZAPATA,-4,23,12,7A,"$2,278,165 ",23,"$1,852,060 ",19,"$1,425,954 ",14,"$999,849 ",10,"$573,743 ",6
